1.5 - ACCESSING DATABASE: (SUBQUERY)

1)

mysql> select * from customer;
+-----+---------+----------------------+----------------+------------+
| id  | name    | address              | city           | ph_no      |
+-----+---------+----------------------+----------------+------------+
| 100 | Hari    | Kurupputhodyil House | Mannarkkad     | 9025487910 |
| 101 | Karthik | Kannanthodi House    | Perinthalmanna |       NULL |
| 102 | Vyshnav | Karthika House       | perinthalmanna | 9539963457 |
| 103 | Maanas  | Villa House          | Kozhikode      |       NULL |
| 104 | Minhaj  | Vallyaveetil House   | Malappuram     |       NULL |
| 105 | Minhaj  | Dreams House         | Malappuram     | 8086909478 |
| 106 | Aswin   | Aswin House          | Wayanad        | 7854328521 |
+-----+---------+----------------------+----------------+------------+
7 rows in set (0.00 sec)

mysql> select * from invoice_master;
+--------+---------+------------+
| inv_id | cust_id | inv_date   |
+--------+---------+------------+
|   1002 |     100 | 2023-03-22 |
|   1176 |     100 | 2023-04-23 |
|   1232 |     102 | 2023-02-12 |
|   1236 |     104 | 2023-01-02 |
|   1320 |     103 | 2023-02-19 |
|   1790 |     100 | 2023-01-25 |
+--------+---------+------------+
6 rows in set (0.00 sec)

--List the customer names of invoice date 12th February 2023.

mysql> select name from customer where id in(select cust_id from invoice_master
where inv_date='2023-02-12');
+---------+
| name    |
+---------+
| Vyshnav |
+---------+
1 row in set (0.00 sec)

********************************************************************************************************************************************************

2)

mysql> select * from product;
+-----+----------------------+-------+
| pid | pname                | price |
+-----+----------------------+-------+
| 301 | DARK CHOCALATE       |     1 |
| 323 | PINPOINT PEN         |    10 |
| 332 | KABSA KIT            |   150 |
| 335 | BASUMATHI RISE       |    90 |
| 339 | AASHIRVAD AATTA 1KG  |    80 |
| 432 | DIARYMILK SILK       |   135 |
| 447 | LAYS CHIPS           |     5 |
| 456 | 7UP 1 LTR            |    90 |
| 467 | DINNER SET           |   999 |
| 487 | ONION                |    99 |
| 643 | FOG BODYSPRAY        |   250 |
| 743 | CHILLY POWDER        |   145 |
| 987 | COCONUT OIL 1 LTR    |   180 |
+-----+----------------------+-------+
13 rows in set (0.00 sec)

mysql> select * from invoice_item;
+--------+------+----------+
| inv_id | pid  | quantity |
+--------+------+----------+
|   1002 |  301 |        2 |
|   1002 |  332 |        4 |
|   1002 |  456 |        1 |
|   1176 |  487 |        8 |
|   1232 |  301 |       50 |
|   1236 |  339 |        3 |
|   1320 |  987 |        2 |
|   1320 |  643 |        1 |
|   1790 |  643 |        1 |
|   1790 |  432 |        2 |
+--------+------+----------+
10 rows in set (0.00 sec)


--List the product name and price of each invoice item.

mysql> select pname,price from product where pid in(select pid from invoice_item);
+----------------------+-------+
| pname                | price |
+----------------------+-------+
| DARK CHOCALATE       |     1 |
| KABSA KIT            |   150 |
| AASHIRVAD AATTA 1KG  |    80 |
| DIARYMILK SILK       |   135 |
| 7UP 1 LTR            |    90 |
| ONION                |    99 |
| FOG BODYSPRAY        |   250 |
| COCONUT OIL 1 LTR    |   180 |
+----------------------+-------+
8 rows in set (0.00 sec)

********************************************************************************************************************************************************

3) 

mysql> select * from product;
+-----+----------------------+-------+
| pid | pname                | price |
+-----+----------------------+-------+
| 301 | DARK CHOCALATE       |     1 |
| 323 | PINPOINT PEN         |    10 |
| 332 | KABSA KIT            |   150 |
| 335 | BASUMATHI RISE       |    90 |
| 339 | AASHIRVAD AATTA 1KG  |    80 |
| 432 | DIARYMILK SILK       |   135 |
| 447 | LAYS CHIPS           |     5 |
| 456 | 7UP 1 LTR            |    90 |
| 467 | DINNER SET           |   999 |
| 487 | ONION                |    99 |
| 643 | FOG BODYSPRAY        |   250 |
| 743 | CHILLY POWDER        |   145 |
| 987 | COCONUT OIL 1 LTR    |   180 |
+-----+----------------------+-------+
13 rows in set (0.00 sec)

mysql> select * from invoice_item;
+--------+------+----------+
| inv_id | pid  | quantity |
+--------+------+----------+
|   1002 |  301 |        2 |
|   1002 |  332 |        4 |
|   1002 |  456 |        1 |
|   1176 |  487 |        8 |
|   1232 |  301 |       50 |
|   1236 |  339 |        3 |
|   1320 |  987 |        2 |
|   1320 |  643 |        1 |
|   1790 |  643 |        1 |
|   1790 |  432 |        2 |
+--------+------+----------+
10 rows in set (0.00 sec)

--List the product names, only include their purchased quantity more than 3.

mysql> select pname from product where pid in(select pid from invoice_item where quantity>3);
+----------------+
| pname          |
+----------------+
| KABSA KIT      |
| ONION          |
| DARK CHOCALATE |
+----------------+
3 rows in set (0.00 sec)

********************************************************************************************************************************************************

4)

mysql> select * from product;
+-----+----------------------+-------+
| pid | pname                | price |
+-----+----------------------+-------+
| 301 | DARK CHOCALATE       |     1 |
| 323 | PINPOINT PEN         |    10 |
| 332 | KABSA KIT            |   150 |
| 335 | BASUMATHI RISE       |    90 |
| 339 | AASHIRVAD AATTA 1KG  |    80 |
| 432 | DIARYMILK SILK       |   135 |
| 447 | LAYS CHIPS           |     5 |
| 456 | 7UP 1 LTR            |    90 |
| 467 | DINNER SET           |   999 |
| 487 | ONION                |    99 |
| 643 | FOG BODYSPRAY        |   250 |
| 743 | CHILLY POWDER        |   145 |
| 987 | COCONUT OIL 1 LTR    |   180 |
+-----+----------------------+-------+
13 rows in set (0.00 sec)

mysql> select * from invoice_item;
+--------+------+----------+
| inv_id | pid  | quantity |
+--------+------+----------+
|   1002 |  301 |        2 |
|   1002 |  332 |        4 |
|   1002 |  456 |        1 |
|   1176 |  487 |        8 |
|   1232 |  301 |       50 |
|   1236 |  339 |        3 |
|   1320 |  987 |        2 |
|   1320 |  643 |        1 |
|   1790 |  643 |        1 |
|   1790 |  432 |        2 |
+--------+------+----------+
10 rows in set (0.00 sec)


--Find the product that has no sale.

mysql> select * from product where pid not in(select pid from invoice_item);
+-----+----------------+-------+
| pid | pname          | price |
+-----+----------------+-------+
| 323 | PINPOINT PEN   |    10 |
| 335 | BASUMATHI RISE |    90 |
| 447 | LAYS CHIPS     |     5 |
| 467 | DINNER SET     |   999 |
| 743 | CHILLY POWDER  |   145 |
+-----+----------------+-------+
5 rows in set (0.01 sec)

********************************************************************************************************************************************************

5)

mysql> select * from customer;
+-----+---------+----------------------+----------------+------------+
| id  | name    | address              | city           | ph_no      |
+-----+---------+----------------------+----------------+------------+
| 100 | Hari    | Kurupputhodyil House | Mannarkkad     | 9025487910 |
| 101 | Karthik | Kannanthodi House    | Perinthalmanna |       NULL |
| 102 | Vyshnav | Karthika House       | perinthalmanna | 9539963457 |
| 103 | Maanas  | Villa House          | Kozhikode      |       NULL |
| 104 | Minhaj  | Vallyaveetil House   | Malappuram     |       NULL |
| 105 | Minhaj  | Dreams House         | Malappuram     | 8086909478 |
| 106 | Aswin   | Aswin House          | Wayanad        | 7854328521 |
+-----+---------+----------------------+----------------+------------+
7 rows in set (0.00 sec)

mysql> select * from product;
+-----+----------------------+-------+
| pid | pname                | price |
+-----+----------------------+-------+
| 301 | DARK CHOCALATE       |     1 |
| 323 | PINPOINT PEN         |    10 |
| 332 | KABSA KIT            |   150 |
| 335 | BASUMATHI RISE       |    90 |
| 339 | AASHIRVAD AATTA 1KG  |    80 |
| 432 | DIARYMILK SILK       |   135 |
| 447 | LAYS CHIPS           |     5 |
| 456 | 7UP 1 LTR            |    90 |
| 467 | DINNER SET           |   999 |
| 487 | ONION                |    99 |
| 643 | FOG BODYSPRAY        |   250 |
| 743 | CHILLY POWDER        |   145 |
| 987 | COCONUT OIL 1 LTR    |   180 |
+-----+----------------------+-------+
13 rows in set (0.00 sec)

mysql> select * from invoice_item;
+--------+------+----------+
| inv_id | pid  | quantity |
+--------+------+----------+
|   1002 |  301 |        2 |
|   1002 |  332 |        4 |
|   1002 |  456 |        1 |
|   1176 |  487 |        8 |
|   1232 |  301 |       50 |
|   1236 |  339 |        3 |
|   1320 |  987 |        2 |
|   1320 |  643 |        1 |
|   1790 |  643 |        1 |
|   1790 |  432 |        2 |
+--------+------+----------+
10 rows in set (0.00 sec)

mysql> select * from invoice_master;
+--------+---------+------------+
| inv_id | cust_id | inv_date   |
+--------+---------+------------+
|   1002 |     100 | 2023-03-22 |
|   1176 |     100 | 2023-04-23 |
|   1232 |     102 | 2023-02-12 |
|   1236 |     104 | 2023-01-02 |
|   1320 |     103 | 2023-02-19 |
|   1790 |     100 | 2023-01-25 |
+--------+---------+------------+
6 rows in set (0.00 sec)

--List the customer names who purchased the items ‘ONION’ and ‘FOG BODYSPRAY’.

mysql> select name from customer where id in (select cust_id from invoice_master where inv_id in (select inv_id from invoice_item where pid in (select pid from product where pname='ONION' OR  (select pid from product where pname ='FOG BODYSPRAY'))) );
+---------+
| name    |
+---------+
| Hari    |
| Vyshnav |
| Maanas  |
| Minhaj  |
+---------+
4 rows in set (0.01 sec)

*********************************************************************************************************************************************************
6)

mysql> select * from customer;
+-----+---------+----------------------+----------------+------------+
| id  | name    | address              | city           | ph_no      |
+-----+---------+----------------------+----------------+------------+
| 100 | Hari    | Kurupputhodyil House | Mannarkkad     | 9025487910 |
| 101 | Karthik | Kannanthodi House    | Perinthalmanna |       NULL |
| 102 | Vyshnav | Karthika House       | perinthalmanna | 9539963457 |
| 103 | Maanas  | Villa House          | Kozhikode      |       NULL |
| 104 | Minhaj  | Vallyaveetil House   | Malappuram     |       NULL |
| 105 | Minhaj  | Dreams House         | Malappuram     | 8086909478 |
| 106 | Aswin   | Aswin House          | Wayanad        | 7854328521 |
+-----+---------+----------------------+----------------+------------+
7 rows in set (0.00 sec)

mysql> select * from product;
+-----+----------------------+-------+
| pid | pname                | price |
+-----+----------------------+-------+
| 301 | DARK CHOCALATE       |     1 |
| 323 | PINPOINT PEN         |    10 |
| 332 | KABSA KIT            |   150 |
| 335 | BASUMATHI RISE       |    90 |
| 339 | AASHIRVAD AATTA 1KG  |    80 |
| 432 | DIARYMILK SILK       |   135 |
| 447 | LAYS CHIPS           |     5 |
| 456 | 7UP 1 LTR            |    90 |
| 467 | DINNER SET           |   999 |
| 487 | ONION                |    99 |
| 643 | FOG BODYSPRAY        |   250 |
| 743 | CHILLY POWDER        |   145 |
| 987 | COCONUT OIL 1 LTR    |   180 |
+-----+----------------------+-------+
13 rows in set (0.00 sec)

mysql> select * from invoice_item;
+--------+------+----------+
| inv_id | pid  | quantity |
+--------+------+----------+
|   1002 |  301 |        2 |
|   1002 |  332 |        4 |
|   1002 |  456 |        1 |
|   1176 |  487 |        8 |
|   1232 |  301 |       50 |
|   1236 |  339 |        3 |
|   1320 |  987 |        2 |
|   1320 |  643 |        1 |
|   1790 |  643 |        1 |
|   1790 |  432 |        2 |
+--------+------+----------+
10 rows in set (0.00 sec)

mysql> select * from invoice_master;
+--------+---------+------------+
| inv_id | cust_id | inv_date   |
+--------+---------+------------+
|   1002 |     100 | 2023-03-22 |
|   1176 |     100 | 2023-04-23 |
|   1232 |     102 | 2023-02-12 |
|   1236 |     104 | 2023-01-02 |
|   1320 |     103 | 2023-02-19 |
|   1790 |     100 | 2023-01-25 |
+--------+---------+------------+
6 rows in set (0.00 sec)

--Display the purchased product details of the customer ’Hari’.

mysql> select * from product where pid in(select pid from invoice_item where inv_id in(select inv_id from invoice_master where cust_id in(select id from customer where name ='Hari')));
+-----+-----------------+-------+
| pid | pname           | price |
+-----+-----------------+-------+
| 301 | DARK CHOCALATE  |     1 |
| 332 | KABSA KIT       |   150 |
| 456 | 7UP 1 LTR       |    90 |
| 487 | ONION           |    99 |
| 643 | FOG BODYSPRAY   |   250 |
| 432 | DIARYMILK SILK  |   135 |
+-----+-----------------+-------+
6 rows in set (0.00 sec)

*********************************************************************************************************************************************************

7)

mysql> select * from customer;
+-----+---------+----------------------+----------------+------------+
| id  | name    | address              | city           | ph_no      |
+-----+---------+----------------------+----------------+------------+
| 100 | Hari    | Kurupputhodyil House | Mannarkkad     | 9025487910 |
| 101 | Karthik | Kannanthodi House    | Perinthalmanna |       NULL |
| 102 | Vyshnav | Karthika House       | perinthalmanna | 9539963457 |
| 103 | Maanas  | Villa House          | Kozhikode      |       NULL |
| 104 | Minhaj  | Vallyaveetil House   | Malappuram     |       NULL |
| 105 | Minhaj  | Dreams House         | Malappuram     | 8086909478 |
| 106 | Aswin   | Aswin House          | Wayanad        | 7854328521 |
+-----+---------+----------------------+----------------+------------+
7 rows in set (0.00 sec)

mysql> select * from invoice_item;
+--------+------+----------+
| inv_id | pid  | quantity |
+--------+------+----------+
|   1002 |  301 |        2 |
|   1002 |  332 |        4 |
|   1002 |  456 |        1 |
|   1176 |  487 |        8 |
|   1232 |  301 |       50 |
|   1236 |  339 |        3 |
|   1320 |  987 |        2 |
|   1320 |  643 |        1 |
|   1790 |  643 |        1 |
|   1790 |  432 |        2 |
+--------+------+----------+
10 rows in set (0.00 sec)

mysql> select * from invoice_master;
+--------+---------+------------+
| inv_id | cust_id | inv_date   |
+--------+---------+------------+
|   1002 |     100 | 2023-03-22 |
|   1176 |     100 | 2023-04-23 |
|   1232 |     102 | 2023-02-12 |
|   1236 |     104 | 2023-01-02 |
|   1320 |     103 | 2023-02-19 |
|   1790 |     100 | 2023-01-25 |
+--------+---------+------------+
6 rows in set (0.00 sec)

--List the names of all customers who have purchased at least 2 products, make sure that no duplicate names in the result.

mysql> select distinct name from customer where id in (select cust_id from invoice_master where inv_id in (select inv_id from invoice_item group by inv_id having count(*)>2));
+------+
| name |
+------+
| Hari |
+------+
1 row in set (0.01 sec)



//completed
