EXPERIMENT NO: 2.1	- PL/SQL PROGRAMS- STORED PROCEDURES 

1.Create a procedure to display all tables in the invoice database.

mysql> delimiter //
mysql> create procedure invoice_tables()
    -> begin
    -> select * from customer;
    -> select * from product;
    -> select * from invoice_item;
    -> select * from invoice_master;
    -> end
    -> //
Query OK, 0 rows affected (0.00 sec)

mysql> call invoice_tables()
    -> //
+-----+---------+----------------------+----------------+------------+
| id  | name    | address              | city           | ph_no      |
+-----+---------+----------------------+----------------+------------+
| 100 | Hari    | Kurupputhodyil House | Mannarkkad     | 9025487910 |
| 101 | Karthik | Kannanthodi House    | Perinthalmanna |       NULL |
| 102 | Vyshnav | Karthika House       | Malappuram     | 9539963457 |
| 103 | Maanas  | Villa House          | Kozhikode      |       NULL |
| 104 | Minhaj  | Vallyaveetil House   | Malappuram     |       NULL |
| 105 | Minhaj  | Dreams House         | Malappuram     | 8086909478 |
| 106 | Aswin   | Aswin House          | Wayanad        | 7854328521 |
+-----+---------+----------------------+----------------+------------+
7 rows in set (0.00 sec)

+-----+----------------------+-------+
| pid | pname                | price |
+-----+----------------------+-------+
| 301 | DARK CHOCALATE       |     6 |
| 323 | PINPOINT PEN         |    15 |
| 332 | KABSA KIT            |   155 |
| 335 | BASUMATHI RISE       |    95 |
| 339 | AASHIRVAD AATTA 1KG  |    85 |
| 432 | DIARYMILK SILK       |   140 |
| 447 | LAYS CHIPS           |    10 |
| 456 | 7UP 1 LTR            |    95 |
| 467 | DINNER SET           |  1004 |
| 487 | ONION                |   104 |
| 643 | FOG BODYSPRAY        |   255 |
| 743 | CHILLY POWDER        |   150 |
| 987 | COCONUT OIL 1 LTR    |   185 |
+-----+----------------------+-------+
13 rows in set (0.00 sec)

+--------+------+----------+
| inv_id | pid  | quantity |
+--------+------+----------+
|   1002 |  301 |        2 |
|   1002 |  332 |        4 |
|   1002 |  456 |        1 |
|   1176 |  487 |        8 |
|   1232 |  301 |       50 |
|   1236 |  339 |        3 |
|   1320 |  987 |        2 |
|   1320 |  643 |        1 |
|   1790 |  643 |        1 |
|   1790 |  432 |        2 |
+--------+------+----------+
10 rows in set (0.00 sec)

+--------+---------+------------+
| inv_id | cust_id | inv_date   |
+--------+---------+------------+
|   1002 |     100 | 2023-03-22 |
|   1176 |     100 | 2023-04-23 |
|   1232 |     102 | 2023-02-12 |
|   1236 |     104 | 2023-01-02 |
|   1320 |     103 | 2023-02-19 |
|   1790 |     100 | 2023-01-25 |
+--------+---------+------------+
6 rows in set (0.00 sec)

Query OK, 0 rows affected (0.00 sec)

*********************************************************************************************************************************************

2.Create a procedure to find greatest of 3 numbers.

mysql> delimiter **
mysql> create procedure in_greatest(a int,b int,c int)
    -> begin
    -> if(a>b) and (a>c) then
    -> select a as 'Greatest';
    -> elseif(b>a) and (b>c) then
    -> select b as 'Greatest';
    -> else
    -> select c as 'Greatest';
    -> end if;
    -> end **
Query OK, 0 rows affected (0.00 sec)

mysql> call in_greatest(-1,100,854)
    -> **
+----------+
| Greatest |
+----------+
|      854 |
+----------+
1 row in set (0.00 sec)

Query OK, 0 rows affected (0.00 sec)

********************************************************************************************************************************************

3.Create a procedure to display invoice details of a particular customer.

mysql> delimiter //
mysql> create procedure invdetail(a varchar(30))
    -> Begin
    -> select customer.name,invoice_master.*,product.pname,invoice_item.pid,invoice_item.quantity from invoice_item inner join invoice_master on invoice_master.inv_id=invoice_item.inv_id inner join product on product.pid=invoice_item.pid inner join customer on customer.id=invoice_master.cust_id where customer.name=a;
    -> End
    -> //
Query OK, 0 rows affected (0.00 sec)

//completed

mysql> call invdetail('Hari')
    -> //
+------+--------+---------+------------+-----------------+------+----------+
| name | inv_id | cust_id | inv_date   | pname           | pid  | quantity |
+------+--------+---------+------------+-----------------+------+----------+
| Hari |   1002 |     100 | 2023-03-22 | DARK CHOCALATE  |  301 |        2 |
| Hari |   1002 |     100 | 2023-03-22 | KABSA KIT       |  332 |        4 |
| Hari |   1002 |     100 | 2023-03-22 | 7UP 1 LTR       |  456 |        1 |
| Hari |   1176 |     100 | 2023-04-23 | ONION           |  487 |        8 |
| Hari |   1790 |     100 | 2023-01-25 | FOG BODYSPRAY   |  643 |        1 |
| Hari |   1790 |     100 | 2023-01-25 | DIARYMILK SILK  |  432 |        2 |
+------+--------+---------+------------+-----------------+------+----------+
6 rows in set (0.00 sec)

Query OK, 0 rows affected (0.00 sec)



