1.4 - ACCESSING DATABASE:  (SELECT, Filtering using WHERE, HAVING,  ORDER BY Clauses)

1. List all customer details.

mysql> select * from customer;
+-----+---------+----------------------+----------------+------------+
| id  | name    | address              | city           | ph_no      |
+-----+---------+----------------------+----------------+------------+
| 100 | Hari    | Kurupputhodyil House | Mannarkkad     | 9025487910 |
| 101 | Karthik | Kannanthodi House    | Perinthalmanna |       NULL |
| 102 | Vyshnav | Karthika House       | perinthalmanna | 9539963457 |
| 103 | Maanas  | Villa House          | Kozhikode      |       NULL |
| 104 | Minhaj  | Vallyaveetil House   | Malappuram     |       NULL |
| 105 | Minhaj  | Dreams House         | Malappuram     | 8086909478 |
| 106 | Aswin   | Aswin House          | Wayanad        | 7854328521 |
+-----+---------+----------------------+----------------+------------+
7 rows in set (0.00 sec)

*********************************************************************************************************************************************************

2. List pname, price of all products.

mysql> select pname,price from product;
+----------------------+-------+
| pname                | price |
+----------------------+-------+
| DARK CHOCALATE       |     1 |
| PINPOINT PEN         |    10 |
| KABSA KIT            |   150 |
| BASUMATHI RISE       |    90 |
| AASHIRVAD AATTA 1KG  |    80 |
| DIARYMILK SILK       |   135 |
| LAYS CHIPS           |     5 |
| 7UP 1 LTR            |    90 |
| DINNER SET           |   999 |
| ONION                |    99 |
| FOG BODYSPRAY        |   250 |
| CHILLY POWDER        |   145 |
| COCONUT OIL 1 LTR    |   180 |
+----------------------+-------+
13 rows in set (0.00 sec)

*********************************************************************************************************************************************************

3. List all invoice items, avoid duplicates.

mysql> select distinct inv_id from invoice_item;
+--------+
| inv_id |
+--------+
|   1002 |
|   1176 |
|   1232 |
|   1236 |
|   1320 |
|   1790 |
+--------+
6 rows in set (0.00 sec)

*********************************************************************************************************************************************************

4. List product price between 50rs and 150rs

mysql> select price from product where price between 70 and 160;
+-------+
| price |
+-------+
|   150 |
|    90 |
|    80 |
|   135 |
|    90 |
|    99 |
|   145 |
+-------+
7 rows in set (0.00 sec)

*********************************************************************************************************************************************************

5. List the customer details who lives in ‘pmna’,’mlp’.

mysql> select * from customer where city in('Perinthalmanna','Malappuram');
+-----+---------+--------------------+----------------+------------+
| id  | name    | address            | city           | ph_no      |
+-----+---------+--------------------+----------------+------------+
| 101 | Karthik | Kannanthodi House  | Perinthalmanna |       NULL |
| 102 | Vyshnav | Karthika House     | perinthalmanna | 9539963457 |
| 104 | Minhaj  | Vallyaveetil House | Malappuram     |       NULL |
| 105 | Minhaj  | Dreams House       | Malappuram     | 8086909478 |
+-----+---------+--------------------+----------------+------------+
4 rows in set (0.00 sec)

*********************************************************************************************************************************************************

6. List the invoice details from 1st January 2023 to 15th March 2023

mysql> select * from invoice_master where inv_date between '2023-01-01' and '2023-03-15';
+--------+---------+------------+
| inv_id | cust_id | inv_date   |
+--------+---------+------------+
|   1232 |     102 | 2023-02-12 |
|   1236 |     104 | 2023-01-02 |
|   1320 |     103 | 2023-02-19 |
|   1790 |     100 | 2023-01-25 |
+--------+---------+------------+
4 rows in set (0.04 sec)

*********************************************************************************************************************************************************

7. List the customer details who not live in ‘mlp’.

mysql> select * from customer where city!='Malappuram';
+-----+---------+----------------------+----------------+------------+
| id  | name    | address              | city           | ph_no      |
+-----+---------+----------------------+----------------+------------+
| 100 | Hari    | Kurupputhodyil House | Mannarkkad     | 9025487910 |
| 101 | Karthik | Kannanthodi House    | Perinthalmanna |       NULL |
| 102 | Vyshnav | Karthika House       | perinthalmanna | 9539963457 |
| 103 | Maanas  | Villa House          | Kozhikode      |       NULL |
| 106 | Aswin   | Aswin House          | Wayanad        | 7854328521 |
+-----+---------+----------------------+----------------+------------+
5 rows in set (0.00 sec)

*********************************************************************************************************************************************************

8.  List the customers who have no phone number.

mysql> select * from customer where ph_no is null;
+-----+---------+--------------------+----------------+-------+
| id  | name    | address            | city           | ph_no |
+-----+---------+--------------------+----------------+-------+
| 101 | Karthik | Kannanthodi House  | Perinthalmanna |  NULL |
| 103 | Maanas  | Villa House        | Kozhikode      |  NULL |
| 104 | Minhaj  | Vallyaveetil House | Malappuram     |  NULL |
+-----+---------+--------------------+----------------+-------+
3 rows in set (0.00 sec)

*********************************************************************************************************************************************************

9. Display customer names in descending order.

mysql>  select * from customer order by name desc;
+-----+---------+----------------------+----------------+------------+
| id  | name    | address              | city           | ph_no      |
+-----+---------+----------------------+----------------+------------+
| 102 | Vyshnav | Karthika House       | perinthalmanna | 9539963457 |
| 104 | Minhaj  | Vallyaveetil House   | Malappuram     |       NULL |
| 105 | Minhaj  | Dreams House         | Malappuram     | 8086909478 |
| 103 | Maanas  | Villa House          | Kozhikode      |       NULL |
| 101 | Karthik | Kannanthodi House    | Perinthalmanna |       NULL |
| 100 | Hari    | Kurupputhodyil House | Mannarkkad     | 9025487910 |
| 106 | Aswin   | Aswin House          | Wayanad        | 7854328521 |
+-----+---------+----------------------+----------------+------------+
7 rows in set (0.00 sec)

*********************************************************************************************************************************************************

10.  Display the customer details sorted in ascending by city and descending by names.

mysql> select * from customer order by city asc,name desc;
+-----+---------+----------------------+----------------+------------+
| id  | name    | address              | city           | ph_no      |
+-----+---------+----------------------+----------------+------------+
| 103 | Maanas  | Villa House          | Kozhikode      |       NULL |
| 104 | Minhaj  | Vallyaveetil House   | Malappuram     |       NULL |
| 105 | Minhaj  | Dreams House         | Malappuram     | 8086909478 |
| 100 | Hari    | Kurupputhodyil House | Mannarkkad     | 9025487910 |
| 102 | Vyshnav | Karthika House       | perinthalmanna | 9539963457 |
| 101 | Karthik | Kannanthodi House    | Perinthalmanna |       NULL |
| 106 | Aswin   | Aswin House          | Wayanad        | 7854328521 |
+-----+---------+----------------------+----------------+------------+
7 rows in set (0.00 sec)

*********************************************************************************************************************************************************

11. Find the customer names start with ‘A’.

mysql> select name from customer where name like 'a%';
+-------+
| name  |
+-------+
| Aswin |
+-------+
1 row in set (0.00 sec)

*********************************************************************************************************************************************************

12. Find the customer names who have ‘e’ or ‘i’ in them.

mysql> select name from customer where name like '%i%' or name like '%e%';
+---------+
| name    |
+---------+
| Hari    |
| Karthik |
| Minhaj  |
| Minhaj  |
| Aswin   |
+---------+
5 rows in set (0.00 sec)

*********************************************************************************************************************************************************

13. Find the customer names who have at least 3 characters.

mysql> select name from customer where name like '___%';
+---------+
| name    |
+---------+
| Hari    |
| Karthik |
| Vyshnav |
| Maanas  |
| Minhaj  |
| Minhaj  |
| Aswin   |
+---------+
7 rows in set (0.00 sec)

*********************************************************************************************************************************************************

14. List the names of customers their names have ‘a’ in second position.

mysql> select name from customer where name like '_a%';
+---------+
| name    |
+---------+
| Hari    |
| Karthik |
| Maanas  |
+---------+
3 rows in set (0.00 sec)

*********************************************************************************************************************************************************

15. Find the customer names start with ‘m’ and are at least 3 characters in length.

mysql> select name from customer where name like 'M__%';
+--------+
| name   |
+--------+
| Maanas |
| Minhaj |
| Minhaj |
+--------+
3 rows in set (0.00 sec)

//completed


//VERIFIED






